<?xml version="1.0" encoding="utf-8"?>
<app type="complex" access="777">
  <version type="unsignedInt" length="4">20</version>
  <cmdFlags type="unsignedInt" length="4">0</cmdFlags>
  <argstr type="string" length="4096">frisbiiU.rpx</argstr>
  <avail_size type="hexBinary" length="4">00000000</avail_size>
  <codegen_size type="hexBinary" length="4">00000000</codegen_size>
  <codegen_core type="hexBinary" length="4">00000001</codegen_core>
  <max_size type="hexBinary" length="4">40000000</max_size>
  <max_codesize type="hexBinary" length="4">0E000000</max_codesize>
  <overlay_arena type="hexBinary" length="4">00000000</overlay_arena>
  <permissions type="complex">
    <p0 type="complex">
      <group type="unsignedInt" length="4"> 1</group>
      <mask type="hexBinary" length="8">000000000000FF00</mask>
    </p0>
    <!--BSP-->
    <p1 type="complex">
      <group type="unsignedInt" length="4"> 3</group>
      <mask type="hexBinary" length="8">0000000000000007</mask>
    </p1>
    <!--DK -->
    <p2 type="complex">
      <group type="unsignedInt" length="4"> 9</group>
      <mask type="hexBinary" length="8">FFFFFFFFFFFFFFFF</mask>
    </p2>
    <!--USB CLS DRV-->
    <p3 type="complex">
      <group type="unsignedInt" length="4">12</group>
      <mask type="hexBinary" length="8">0000000000000001</mask>
    </p3>
    <!--UHS-->
    <p4 type="complex">
      <group type="unsignedInt" length="4">11</group>
      <mask type="hexBinary" length="8">0000000030B03001</mask>
    </p4>
    <!--FS -->
    <p5 type="complex">
      <group type="unsignedInt" length="4">13</group>
      <mask type="hexBinary" length="8">0000000000000013</mask>
    </p5>
    <!--MCP-->
    <p6 type="complex">
      <group type="unsignedInt" length="4">14</group>
      <mask type="hexBinary" length="8">0000000000004000</mask>
    </p6>
    <!--NIM-->
    <p7 type="complex">
      <group type="unsignedInt" length="4">15</group>
      <mask type="hexBinary" length="8">0000000000000003</mask>
    </p7>
    <!--ACT (account)-->
    <p8 type="complex">
      <group type="unsignedInt" length="4">16</group>
      <mask type="hexBinary" length="8">0000000000000003</mask>
    </p8>
    <!--FPD-->
    <p9 type="complex">
      <group type="unsignedInt" length="4">17</group>
      <mask type="hexBinary" length="8">0000000000000001</mask>
    </p9>
    <!--BOSS-->
    <p10 type="complex">
      <group type="unsignedInt" length="4">18</group>
      <mask type="hexBinary" length="8">0000000000000001</mask>
    </p10>
    <!--ACP-->
    <p11 type="complex">
      <group type="unsignedInt" length="4">19</group>
      <mask type="hexBinary" length="8">0000000000000001</mask>
    </p11>
    <!--PDM-->
    <p12 type="complex">
      <group type="unsignedInt" length="4">20</group>
      <mask type="hexBinary" length="8">0000000000000003</mask>
    </p12>
    <!--AC-->
    <p13 type="complex">
      <group type="unsignedInt" length="4">21</group>
      <mask type="hexBinary" length="8">0000000000000001</mask>
    </p13>
    <!--NDM-->
    <p14 type="complex">
      <group type="unsignedInt" length="4">22</group>
      <mask type="hexBinary" length="8">0000000000000001</mask>
    </p14>
    <!--NSEC-->
  </permissions>
  <default_stack0_size type="hexBinary" length="4">00000000</default_stack0_size>
  <default_stack1_size type="hexBinary" length="4">00000000</default_stack1_size>
  <default_stack2_size type="hexBinary" length="4">00000000</default_stack2_size>
  <default_redzone0_size type="hexBinary" length="4">00000000</default_redzone0_size>
  <default_redzone1_size type="hexBinary" length="4">00000000</default_redzone1_size>
  <default_redzone2_size type="hexBinary" length="4">00000000</default_redzone2_size>
  <exception_stack0_size type="hexBinary" length="4">00001000</exception_stack0_size>
  <exception_stack1_size type="hexBinary" length="4">00001000</exception_stack1_size>
  <exception_stack2_size type="hexBinary" length="4">00001000</exception_stack2_size>
  <num_codearea_heap_blocks type="unsignedInt" length="4">0</num_codearea_heap_blocks>
  <num_workarea_heap_blocks type="unsignedInt" length="4">0</num_workarea_heap_blocks>
</app>
